"","names.sc.cpart.sc.cpart..in..c.7..5..4..10..2..."
"1","Onset2_1_7_9"
"2","Onset2_1_7_17"
"3","Onset2_1_7_20"
"4","Onset2_1_7_25"
"5","Onset2_1_7_26"
"6","Onset2_1_7_28"
"7","Onset2_1_7_35"
"8","Onset2_1_7_36"
"9","Onset2_1_7_49"
"10","Onset2_1_7_50"
"11","Onset2_1_7_53"
"12","Onset2_1_7_54"
"13","Onset2_1_7_55"
"14","Onset2_1_7_58"
"15","Onset2_1_7_65"
"16","Onset2_1_7_67"
"17","Onset2_1_7_73"
"18","Onset2_1_7_76"
"19","Onset2_1_7_81"
"20","Onset2_1_7_83"
"21","Onset2_1_7_84"
"22","Onset2_1_7_86"
"23","Onset2_1_7_98"
"24","Onset2_1_7_99"
"25","Onset2_1_7_103"
"26","Onset2_1_7_105"
"27","Onset2_1_7_114"
"28","Onset2_1_7_122"
"29","Onset2_1_7_124"
"30","Onset2_1_7_130"
"31","Onset2_1_7_135"
"32","Onset2_1_7_142"
"33","Onset2_1_7_146"
"34","Onset2_1_7_147"
"35","Onset2_1_7_153"
"36","Onset2_1_7_161"
"37","Onset2_1_7_162"
"38","Onset2_1_7_165"
"39","Onset2_1_7_166"
"40","Onset2_1_7_175"
"41","Onset2_1_7_176"
"42","Onset2_1_7_177"
"43","Onset2_1_7_180"
"44","Onset2_1_7_182"
"45","Onset2_1_3_17"
"46","Onset2_1_3_25"
"47","Onset2_1_3_26"
"48","Onset2_1_3_36"
"49","Onset2_1_3_37"
"50","Onset2_1_3_43"
"51","Onset2_1_3_46"
"52","Onset2_1_3_53"
"53","Onset2_1_3_66"
"54","Onset2_1_3_74"
"55","Onset2_1_3_77"
"56","Onset2_1_3_92"
"57","Onset2_1_3_93"
"58","Onset2_1_3_97"
"59","Onset2_1_3_115"
"60","Onset2_1_3_117"
"61","Onset2_1_3_122"
"62","Onset2_1_3_123"
"63","Onset2_1_3_142"
"64","Onset2_1_3_171"
"65","Onset2_2_12_61"
"66","Onset2_2_12_67"
"67","Onset2_2_12_75"
"68","Onset2_2_12_76"
"69","Onset2_2_12_78"
"70","Onset2_2_12_90"
"71","Onset2_2_12_97"
"72","Onset2_2_12_104"
"73","Onset2_2_12_105"
"74","Onset2_2_12_113"
"75","Onset2_2_12_115"
"76","Onset2_2_12_122"
"77","Onset2_2_12_123"
"78","Onset2_2_12_129"
"79","Onset2_2_12_131"
"80","Onset2_2_12_135"
"81","Onset2_2_12_137"
"82","Onset2_2_12_138"
"83","Onset2_2_12_140"
"84","Onset2_2_12_142"
"85","Onset2_2_12_145"
"86","Onset2_2_12_146"
"87","Onset2_2_12_150"
"88","Onset2_2_12_156"
"89","Onset2_2_12_161"
"90","Onset2_2_12_163"
"91","Onset2_2_12_165"
"92","Onset2_2_12_166"
"93","Onset2_2_12_168"
"94","Onset2_2_12_169"
"95","Onset2_2_12_173"
"96","Onset2_2_12_174"
"97","Onset2_2_12_176"
"98","Onset2_2_12_186"
"99","Onset2_2_12_188"
"100","Onset2_2_12_190"
"101","Onset2_2_12_192"
"102","Onset2_1_13_1"
"103","Onset2_1_13_3"
"104","Onset2_1_13_9"
"105","Onset2_1_13_17"
"106","Onset2_1_13_18"
"107","Onset2_1_13_19"
"108","Onset2_1_13_20"
"109","Onset2_1_13_22"
"110","Onset2_1_13_25"
"111","Onset2_1_13_27"
"112","Onset2_1_13_33"
"113","Onset2_1_13_34"
"114","Onset2_1_13_35"
"115","Onset2_1_13_36"
"116","Onset2_1_13_37"
"117","Onset2_1_13_38"
"118","Onset2_1_13_43"
"119","Onset2_1_13_49"
"120","Onset2_1_13_50"
"121","Onset2_1_13_51"
"122","Onset2_1_13_52"
"123","Onset2_1_13_53"
"124","Onset2_1_13_54"
"125","Onset2_1_13_59"
"126","Onset2_1_13_60"
"127","Onset2_1_13_66"
"128","Onset2_1_13_67"
"129","Onset2_1_13_68"
"130","Onset2_1_13_69"
"131","Onset2_1_13_70"
"132","Onset2_1_13_71"
"133","Onset2_1_13_74"
"134","Onset2_1_13_75"
"135","Onset2_1_13_76"
"136","Onset2_1_13_81"
"137","Onset2_1_13_82"
"138","Onset2_1_13_83"
"139","Onset2_1_13_84"
"140","Onset2_1_13_86"
"141","Onset2_1_13_87"
"142","Onset2_1_13_91"
"143","Onset2_1_13_92"
"144","Onset2_1_13_93"
"145","Onset2_1_13_97"
"146","Onset2_1_13_98"
"147","Onset2_1_13_99"
"148","Onset2_1_13_100"
"149","Onset2_1_13_101"
"150","Onset2_1_13_103"
"151","Onset2_1_13_106"
"152","Onset2_1_13_107"
"153","Onset2_1_13_108"
"154","Onset2_1_13_109"
"155","Onset2_1_13_114"
"156","Onset2_1_13_115"
"157","Onset2_1_13_117"
"158","Onset2_1_13_119"
"159","Onset2_1_13_120"
"160","Onset2_1_13_121"
"161","Onset2_1_13_122"
"162","Onset2_1_13_123"
"163","Onset2_1_13_129"
"164","Onset2_1_13_155"
"165","Onset2_1_13_157"
"166","Onset2_1_13_161"
"167","Onset2_1_13_162"
"168","Onset2_1_13_167"
"169","Onset2_1_13_169"
"170","Onset2_1_13_170"
"171","Onset2_1_13_175"
"172","Onset2_1_13_176"
"173","Onset2_1_13_179"
"174","Onset2_1_13_182"
"175","Onset2_1_13_183"
"176","Onset2_2_14_2"
"177","Onset2_2_14_10"
"178","Onset2_2_14_24"
"179","Onset2_2_14_25"
"180","Onset2_2_14_36"
"181","Onset2_2_14_41"
"182","Onset2_2_14_51"
"183","Onset2_2_14_57"
"184","Onset2_2_14_65"
"185","Onset2_2_14_66"
"186","Onset2_2_14_67"
"187","Onset2_2_14_68"
"188","Onset2_2_14_69"
"189","Onset2_2_14_70"
"190","Onset2_2_14_73"
"191","Onset2_2_14_74"
"192","Onset2_2_14_77"
"193","Onset2_2_14_78"
"194","Onset2_2_14_82"
"195","Onset2_2_14_83"
"196","Onset2_2_14_84"
"197","Onset2_2_14_85"
"198","Onset2_2_14_86"
"199","Onset2_2_14_87"
"200","Onset2_2_14_89"
"201","Onset2_2_14_90"
"202","Onset2_2_14_92"
"203","Onset2_2_14_93"
"204","Onset2_2_14_94"
"205","Onset2_2_14_96"
"206","Onset2_2_14_98"
"207","Onset2_2_14_99"
"208","Onset2_2_14_100"
"209","Onset2_2_14_101"
"210","Onset2_2_14_102"
"211","Onset2_2_14_103"
"212","Onset2_2_14_105"
"213","Onset2_2_14_106"
"214","Onset2_2_14_107"
"215","Onset2_2_14_108"
"216","Onset2_2_14_111"
"217","Onset2_2_14_112"
"218","Onset2_2_14_113"
"219","Onset2_2_14_114"
"220","Onset2_2_14_115"
"221","Onset2_2_14_116"
"222","Onset2_2_14_117"
"223","Onset2_2_14_118"
"224","Onset2_2_14_119"
"225","Onset2_2_14_120"
"226","Onset2_2_14_121"
"227","Onset2_2_14_122"
"228","Onset2_2_14_124"
"229","Onset2_2_14_125"
"230","Onset2_2_14_126"
"231","Onset2_2_14_127"
"232","Onset2_2_14_128"
"233","Onset2_2_14_130"
"234","Onset2_2_14_131"
"235","Onset2_2_14_132"
"236","Onset2_2_14_133"
"237","Onset2_2_14_134"
"238","Onset2_2_14_135"
"239","Onset2_2_14_136"
"240","Onset2_2_14_138"
"241","Onset2_2_14_140"
"242","Onset2_2_14_141"
"243","Onset2_2_14_142"
"244","Onset2_2_14_143"
"245","Onset2_2_14_144"
"246","Onset2_2_14_145"
"247","Onset2_2_14_146"
"248","Onset2_2_14_147"
"249","Onset2_2_14_148"
"250","Onset2_2_14_150"
"251","Onset2_2_14_152"
"252","Onset2_2_14_153"
"253","Onset2_2_14_154"
"254","Onset2_2_14_155"
"255","Onset2_2_14_156"
"256","Onset2_2_14_158"
"257","Onset2_2_14_159"
"258","Onset2_2_14_163"
"259","Onset2_2_14_164"
"260","Onset2_2_14_165"
"261","Onset2_2_14_166"
"262","Onset2_2_14_167"
"263","Onset2_2_14_169"
"264","Onset2_2_14_170"
"265","Onset2_2_14_171"
"266","Onset2_2_14_172"
"267","Onset2_2_14_173"
"268","Onset2_2_14_174"
"269","Onset2_2_14_175"
"270","Onset2_2_14_177"
"271","Onset2_2_14_180"
"272","Onset2_2_14_182"
"273","Onset2_2_14_184"
"274","Onset2_2_14_186"
"275","Onset2_2_14_187"
"276","Onset2_2_14_191"
"277","Onset2_2_14_192"
"278","Naive_1_5_17"
"279","Naive_1_5_81"
"280","Naive_1_5_89"
"281","Naive_1_5_122"
"282","Naive_1_5_131"
"283","Naive_1_5_132"
"284","Naive_1_5_152"
"285","Naive_1_5_154"
"286","Naive_1_5_172"
"287","Naive_1_5_173"
"288","Naive_1_5_178"
"289","Naive_1_5_179"
"290","Naive_1_5_188"
"291","Naive_2_6_1"
"292","Naive_2_6_12"
"293","Naive_2_6_17"
"294","Naive_2_6_18"
"295","Naive_2_6_21"
"296","Naive_2_6_23"
"297","Naive_2_6_27"
"298","Naive_2_6_40"
"299","Naive_2_6_51"
"300","Naive_2_6_52"
"301","Naive_2_6_65"
"302","Naive_2_6_66"
"303","Naive_2_6_67"
"304","Naive_2_6_68"
"305","Naive_2_6_69"
"306","Naive_2_6_70"
"307","Naive_2_6_71"
"308","Naive_2_6_72"
"309","Naive_2_6_73"
"310","Naive_2_6_74"
"311","Naive_2_6_75"
"312","Naive_2_6_76"
"313","Naive_2_6_78"
"314","Naive_2_6_79"
"315","Naive_2_6_80"
"316","Naive_2_6_81"
"317","Naive_2_6_82"
"318","Naive_2_6_84"
"319","Naive_2_6_85"
"320","Naive_2_6_86"
"321","Naive_2_6_87"
"322","Naive_2_6_88"
"323","Naive_2_6_89"
"324","Naive_2_6_90"
"325","Naive_2_6_91"
"326","Naive_2_6_92"
"327","Naive_2_6_93"
"328","Naive_2_6_94"
"329","Naive_2_6_95"
"330","Naive_2_6_96"
"331","Naive_2_6_97"
"332","Naive_2_6_98"
"333","Naive_2_6_100"
"334","Naive_2_6_101"
"335","Naive_2_6_102"
"336","Naive_2_6_103"
"337","Naive_2_6_104"
"338","Naive_2_6_105"
"339","Naive_2_6_106"
"340","Naive_2_6_107"
"341","Naive_2_6_108"
"342","Naive_2_6_109"
"343","Naive_2_6_110"
"344","Naive_2_6_111"
"345","Naive_2_6_112"
"346","Naive_2_6_113"
"347","Naive_2_6_114"
"348","Naive_2_6_115"
"349","Naive_2_6_116"
"350","Naive_2_6_117"
"351","Naive_2_6_118"
"352","Naive_2_6_119"
"353","Naive_2_6_120"
"354","Naive_2_6_121"
"355","Naive_2_6_122"
"356","Naive_2_6_123"
"357","Naive_2_6_124"
"358","Naive_2_6_125"
"359","Naive_2_6_126"
"360","Naive_2_6_127"
"361","Naive_2_6_128"
"362","Naive_2_6_129"
"363","Naive_2_6_130"
"364","Naive_2_6_131"
"365","Naive_2_6_132"
"366","Naive_2_6_135"
"367","Naive_2_6_136"
"368","Naive_2_6_137"
"369","Naive_2_6_138"
"370","Naive_2_6_139"
"371","Naive_2_6_140"
"372","Naive_2_6_141"
"373","Naive_2_6_142"
"374","Naive_2_6_143"
"375","Naive_2_6_144"
"376","Naive_2_6_146"
"377","Naive_2_6_147"
"378","Naive_2_6_148"
"379","Naive_2_6_149"
"380","Naive_2_6_150"
"381","Naive_2_6_151"
"382","Naive_2_6_152"
"383","Naive_2_6_153"
"384","Naive_2_6_154"
"385","Naive_2_6_155"
"386","Naive_2_6_156"
"387","Naive_2_6_157"
"388","Naive_2_6_158"
"389","Naive_2_6_159"
"390","Naive_2_6_160"
"391","Naive_2_6_162"
"392","Naive_2_6_163"
"393","Naive_2_6_164"
"394","Naive_2_6_165"
"395","Naive_2_6_166"
"396","Naive_2_6_167"
"397","Naive_2_6_168"
"398","Naive_2_6_169"
"399","Naive_2_6_170"
"400","Naive_2_6_171"
"401","Naive_2_6_172"
"402","Naive_2_6_174"
"403","Naive_2_6_175"
"404","Naive_2_6_176"
"405","Naive_2_6_178"
"406","Naive_2_6_179"
"407","Naive_2_6_180"
"408","Naive_2_6_181"
"409","Naive_2_6_182"
"410","Naive_2_6_183"
"411","Naive_2_6_184"
"412","Naive_2_6_185"
"413","Naive_2_6_186"
"414","Naive_2_6_187"
"415","Naive_2_6_188"
"416","Naive_2_6_189"
"417","Naive_2_6_191"
"418","Naive_2_6_192"
"419","Naive_3_10_3"
"420","Naive_3_10_33"
"421","Naive_3_10_35"
"422","Naive_3_10_39"
"423","Naive_3_10_51"
"424","Naive_3_10_58"
"425","Naive_3_10_60"
"426","Naive_3_10_67"
"427","Naive_3_10_69"
"428","Naive_3_10_76"
"429","Naive_3_10_77"
"430","Naive_3_10_79"
"431","Naive_3_10_85"
"432","Naive_3_10_87"
"433","Naive_3_10_97"
"434","Naive_3_10_99"
"435","Naive_3_10_101"
"436","Naive_3_10_121"
"437","Naive_3_10_122"
"438","Naive_3_10_129"
"439","Naive_3_10_130"
"440","Naive_3_10_132"
"441","Naive_3_10_133"
"442","Naive_3_10_134"
"443","Naive_3_10_136"
"444","Naive_3_10_137"
"445","Naive_3_10_138"
"446","Naive_3_10_140"
"447","Naive_3_10_141"
"448","Naive_3_10_142"
"449","Naive_3_10_143"
"450","Naive_3_10_144"
"451","Naive_3_10_145"
"452","Naive_3_10_146"
"453","Naive_3_10_147"
"454","Naive_3_10_148"
"455","Naive_3_10_150"
"456","Naive_3_10_151"
"457","Naive_3_10_152"
"458","Naive_3_10_153"
"459","Naive_3_10_154"
"460","Naive_3_10_155"
"461","Naive_3_10_156"
"462","Naive_3_10_157"
"463","Naive_3_10_158"
"464","Naive_3_10_159"
"465","Naive_3_10_160"
"466","Naive_3_10_161"
"467","Naive_3_10_162"
"468","Naive_3_10_163"
"469","Naive_3_10_164"
"470","Naive_3_10_165"
"471","Naive_3_10_166"
"472","Naive_3_10_167"
"473","Naive_3_10_168"
"474","Naive_3_10_169"
"475","Naive_3_10_170"
"476","Naive_3_10_171"
"477","Naive_3_10_172"
"478","Naive_3_10_173"
"479","Naive_3_10_174"
"480","Naive_3_10_175"
"481","Naive_3_10_176"
"482","Naive_3_10_177"
"483","Naive_3_10_178"
"484","Naive_3_10_179"
"485","Naive_3_10_180"
"486","Naive_3_10_182"
"487","Naive_3_10_183"
"488","Naive_3_10_184"
"489","Naive_3_10_185"
"490","Naive_3_10_186"
"491","Naive_3_10_187"
"492","Naive_3_10_188"
"493","Naive_3_10_189"
"494","Naive_3_10_190"
"495","Naive_3_10_191"
"496","Naive_3_10_192"
