"","names.sc.cpart.sc.cpart..in..c.8..4..."
"1","Onset2_1_7_58"
"2","Onset2_1_7_130"
"3","Onset2_1_7_135"
"4","Onset2_1_7_147"
"5","Onset2_1_7_153"
"6","Onset2_1_7_161"
"7","Onset2_1_7_162"
"8","Onset2_1_7_165"
"9","Onset2_1_7_166"
"10","Onset2_1_7_175"
"11","Onset2_1_7_180"
"12","Onset2_1_7_182"
"13","Onset2_1_3_142"
"14","Onset2_1_3_171"
"15","Onset2_2_12_61"
"16","Onset2_2_12_174"
"17","Onset2_1_13_155"
"18","Onset2_1_13_167"
"19","Onset2_1_13_169"
"20","Onset2_1_13_182"
"21","Onset2_1_13_183"
"22","Onset2_2_14_51"
"23","Naive_1_5_89"
"24","Naive_1_5_122"
"25","Naive_1_5_172"
"26","Naive_2_6_1"
"27","Naive_2_6_23"
"28","Naive_3_10_51"
"29","Naive_3_10_60"
"30","Naive_3_10_67"
"31","Naive_3_10_69"
"32","Naive_3_10_77"
"33","Naive_3_10_97"
"34","Naive_3_10_122"
"35","Naive_3_10_145"
"36","Naive_3_10_147"
"37","Naive_3_10_165"
"38","Naive_3_10_176"
